Dougherty,Antwan,adou556,PHI-FR
Knox,Patrick,pkno539,ART-SR
Parrish,Shane,spar474,GER-SO
Kerr,Jerome,jker130,JOU-SR
Foley,Adriel,afol752,AVI-JR
Wagner,Seamus,swag837,ELE-SR
Hobbs,Ashton,ahob844,URB-FR
Petty,Evie,epet205,PUB-SO
Myers,Leandro,lmye183,COU-SR
Roberts,Julia,jrob830,LIB-FR
Brandt,Lukas,lbra112,MED-FR
Livingston,Alani,aliv006,URB-SO
Peterson,Jamiya,jpet639,MED-JR
Roy,Kirsten,kroy825,MAN-FR
Copeland,Johnny,jcop583,INT-FR
Wong,Amirah,awon533,CRE-SO
Kline,Luciano,lkli201,CYB-SO
Joseph,Lance,ljos641,BIO-SR
Rangel,Paula,pran431,NEU-SR
Massey,Jamie,jmas853,MUS-SR
Rubio,Karli,krub755,EXE-SR
Mcguire,Ellis,emcg534,CON-JR
Oliver,Madyson,moli668,SEC-FR
Fry,Serenity,sfry411,ELE-JR
Leon,Jaliyah,jleo981,GEO-SO
Guerrero,Parker,pgue247,POL-FR
Kemp,Milagros,mkem897,AVI-SR
Garza,Aniya,agar601,EDU-FR
Roberts,Zoe,zrob528,THE-SO
Chan,Ryder,rcha239,COM-SR
Norton,Antonio,anor172,MUS-SR
Kim,Jazlene,jkim224,COM-JR
Cox,America,acox781,AVI-SR
Rogers,Colby,crog208,SOC-SR
Conrad,Stella,scon746,BIO-SO
Mccullough,Micheal,mmcc223,HEA-SR
Hardy,Kolby,khar119,MUS-JR
Tapia,Sophia,stap838,CHE-FR
Jacobson,Addison,ajac891,CON-JR
Terrell,Aimee,ater390,EME-FR
Cannon,Abagail,acan376,AVI-FR
Conrad,Donald,dcon782,MAN-JR
Medina,Tiana,tmed667,EDU-JR
Vasquez,Edwin,evas466,SEC-SO
Mcclain,Sofia,smcc732,PUB-SR
Nash,Braylon,bnas498,INF-FR
Buchanan,Chaya,cbuc425,FOR-SR
Juarez,Charlize,cjua304,REL-SR
Yu,Xzavier,xyux036,GER-SO
Kent,Timothy,tken916,JOU-FR
Jones,Bailee,bjon121,BIO-SR
Hoover,Elizabeth,ehoo898,ENG-FR
Ramos,Jaida,jram123,AVI-SR
Livingston,Perla,pliv240,CON-SR
Simpson,Shayna,ssim529,EME-SO
Dawson,Jan,jdaw556,WRI-JR
Huffman,Aryana,ahuf629,MUL-SO
Fernandez,Hillary,hfer684,WOM-JR
Barnes,Hillary,hbar360,COM-FR
Parks,Kayla,kpar990,ECO-SR
Murphy,Todd,tmur455,SCH-FR
Kelley,Melissa,mkel398,ARC-SR
Gross,Abbigail,agro563,ATH-SO
Benton,Alina,aben825,SPE-SO
Klein,Jadon,jkle317,COM-SO
Love,Saul,slov880,INF-SO
Galvan,Ingrid,igal204,NEU-FR
Logan,Zachery,zlog143,KIN-FR
Singleton,Rubi,rsin219,SOC-SO
Esparza,Emiliano,eesp346,MAN-JR
Salazar,Sierra,ssal642,COU-FR
Blair,Ashlyn,abla906,ACC-SR
Barrera,Destiney,dbar582,COM-JR
Good,Armani,agoo042,BIO-FR
Mcneil,Maximus,mmcn765,CRE-JR
Peters,Jalen,jpet543,ATH-JR
Preston,Chana,cpre732,INF-SR
Simmons,Asia,asim665,MUS-FR
Mccarty,Ronan,rmcc097,BIO-SO
Mitchell,Adrianna,amit124,ARC-FR
Evans,Molly,meva887,HIS-SR
Mcclure,Lilah,lmcc119,SCH-SR
Riddle,Lola,lrid430,PSY-JR
Novak,Khloe,knov114,SOC-JR
Harding,Elyse,ehar535,LIT-SR
Clark,Aditya,acla822,MAT-FR
Patterson,Alvin,apat967,EDU-SR
Benson,Deegan,dben951,FOR-FR
Mcbride,Aaron,amcb611,ENG-SR
West,Lilyana,lwes516,ACC-SO
Liu,Connor,cliu936,CRI-SO
Camacho,Asher,acam735,POL-SO
Hancock,Myles,mhan239,MAT-SO
Cook,Asher,acoo286,GER-SO
Tanner,Cale,ctan834,POL-SO
Hester,Trent,thes168,WRI-SO
Romero,Cristofer,crom870,BLA-SO
Caldwell,Maren,mcal745,ACC-SO
Long,Matthew,mlon733,CIV-FR
Booker,Remington,rboo222,THE-JR
